,mape,mase,mae,rmse
mean,0.4180735162453069,1.178597445811479,8.895409194687788,11.2344790832067
std,0.11343894638320684,0.49991797472576815,7.7604759609162866,10.129542335781997
